customer_id,customer_name,email,phone_number,city
101,Customer_1,CUST1@GMAIL.COM,9000000000,Indore
102,Customer_2,CUST2@GMAIL.COM,9000000001,Mumbai
103,Customer_3,CUST3@GMAIL.COM,9000000002,Bangalore
104,Customer_4,CUST4@GMAIL.COM,9000000003,Bhopal
105,Customer_5,CUST5@GMAIL.COM,9000000004,Hyderabad
106,Customer_6,CUST6@GMAIL.COM,9000000005,Pune
107,Customer_7,CUST7@GMAIL.COM,9000000006,Pune
108,Customer_8,CUST8@GMAIL.COM,9000000007,Delhi
109,Customer_9,CUST9@GMAIL.COM,9000000008,Bhopal
110,Customer_10,CUST10@GMAIL.COM,9000000009,Mumbai
111,Customer_11,CUST11@GMAIL.COM,9000000010,Indore
112,Customer_12,CUST12@GMAIL.COM,9000000011,Bhopal
113,Customer_13,CUST13@GMAIL.COM,9000000012,Mysore
114,Customer_14,CUST14@GMAIL.COM,9000000013,Jaipur
115,Customer_15,CUST15@GMAIL.COM,9000000014,Mumbai
116,Customer_16,CUST16@GMAIL.COM,9000000015,Lucknow
117,Customer_17,CUST17@GMAIL.COM,9000000016,Kolkata
118,Customer_18,CUST18@GMAIL.COM,9000000017,Bangalore
119,Customer_19,CUST19@GMAIL.COM,9000000018,Bangalore
120,Customer_20,CUST20@GMAIL.COM,9000000019,Mumbai
121,Customer_21,CUST21@GMAIL.COM,9000000020,Pune
122,Customer_22,CUST22@GMAIL.COM,9000000021,Pune
123,Customer_23,CUST23@GMAIL.COM,9000000022,Jaipur
124,Customer_24,CUST24@GMAIL.COM,9000000023,Lucknow
125,Customer_25,CUST25@GMAIL.COM,9000000024,Bangalore
126,Customer_26,CUST26@GMAIL.COM,9000000025,Jaipur
127,Customer_27,CUST27@GMAIL.COM,9000000026,Pune
128,Customer_28,CUST28@GMAIL.COM,9000000027,Bhopal
129,Customer_29,CUST29@GMAIL.COM,9000000028,Indore
130,Customer_30,CUST30@GMAIL.COM,9000000029,Bhopal
131,Customer_31,CUST31@GMAIL.COM,9000000030,Jaipur
132,Customer_32,CUST32@GMAIL.COM,9000000031,Kolkata
133,Customer_33,CUST33@GMAIL.COM,9000000032,Pune
134,Customer_34,CUST34@GMAIL.COM,9000000033,Ahmedabad
135,Customer_35,CUST35@GMAIL.COM,9000000034,Lucknow
136,Customer_36,CUST36@GMAIL.COM,9000000035,Hyderabad
137,Customer_37,CUST37@GMAIL.COM,9000000036,Kochi
138,Customer_38,CUST38@GMAIL.COM,9000000037,Coimbatore
139,Customer_39,CUST39@GMAIL.COM,9000000038,Bangalore
140,Customer_40,CUST40@GMAIL.COM,9000000039,Kochi
141,Customer_41,CUST41@GMAIL.COM,9000000040,Kochi
142,Customer_42,CUST42@GMAIL.COM,9000000041,Delhi
143,Customer_43,CUST43@GMAIL.COM,9000000042,Bhopal
144,Customer_44,CUST44@GMAIL.COM,9000000043,Kolkata
145,Customer_45,CUST45@GMAIL.COM,9000000044,Chennai
146,Customer_46,CUST46@GMAIL.COM,9000000045,Hyderabad
147,Customer_47,CUST47@GMAIL.COM,9000000046,Delhi
148,Customer_48,CUST48@GMAIL.COM,9000000047,Pune
149,Customer_49,CUST49@GMAIL.COM,9000000048,Kochi
150,Customer_50,CUST50@GMAIL.COM,9000000049,Chennai
151,Customer_51,CUST51@GMAIL.COM,9000000050,Mumbai
152,Customer_52,CUST52@GMAIL.COM,9000000051,Mumbai
153,Customer_53,CUST53@GMAIL.COM,9000000052,Kolkata
154,Customer_54,CUST54@GMAIL.COM,9000000053,Mumbai
155,Customer_55,CUST55@GMAIL.COM,9000000054,Chennai
156,Customer_56,CUST56@GMAIL.COM,9000000055,Coimbatore
157,Customer_57,CUST57@GMAIL.COM,9000000056,Chennai
158,Customer_58,CUST58@GMAIL.COM,9000000057,Lucknow
159,Customer_59,CUST59@GMAIL.COM,9000000058,Hyderabad
160,Customer_60,CUST60@GMAIL.COM,9000000059,Kochi
161,Customer_61,CUST61@GMAIL.COM,9000000060,Bangalore
162,Customer_62,CUST62@GMAIL.COM,9000000061,Bhopal
163,Customer_63,CUST63@GMAIL.COM,9000000062,Ahmedabad
164,Customer_64,CUST64@GMAIL.COM,9000000063,Jaipur
165,Customer_65,CUST65@GMAIL.COM,9000000064,Mumbai
166,Customer_66,CUST66@GMAIL.COM,9000000065,Mysore
167,Customer_67,CUST67@GMAIL.COM,9000000066,Kolkata
168,Customer_68,CUST68@GMAIL.COM,9000000067,Mumbai
169,Customer_69,CUST69@GMAIL.COM,9000000068,Jaipur
170,Customer_70,CUST70@GMAIL.COM,9000000069,Hyderabad
171,Customer_71,CUST71@GMAIL.COM,9000000070,Coimbatore
172,Customer_72,CUST72@GMAIL.COM,9000000071,Indore
173,Customer_73,CUST73@GMAIL.COM,9000000072,Lucknow
174,Customer_74,CUST74@GMAIL.COM,9000000073,Mysore
175,Customer_75,CUST75@GMAIL.COM,9000000074,Coimbatore
176,Customer_76,CUST76@GMAIL.COM,9000000075,Chennai
177,Customer_77,CUST77@GMAIL.COM,9000000076,Lucknow
178,Customer_78,CUST78@GMAIL.COM,9000000077,Pune
179,Customer_79,CUST79@GMAIL.COM,9000000078,Bhopal
180,Customer_80,CUST80@GMAIL.COM,9000000079,Mumbai
181,Customer_81,CUST81@GMAIL.COM,9000000080,Bangalore
182,Customer_82,CUST82@GMAIL.COM,9000000081,Indore
183,Customer_83,CUST83@GMAIL.COM,9000000082,Pune
184,Customer_84,CUST84@GMAIL.COM,9000000083,Kochi
185,Customer_85,CUST85@GMAIL.COM,9000000084,Hyderabad
186,Customer_86,CUST86@GMAIL.COM,9000000085,Mumbai
187,Customer_87,CUST87@GMAIL.COM,9000000086,Coimbatore
188,Customer_88,CUST88@GMAIL.COM,9000000087,Pune
189,Customer_89,CUST89@GMAIL.COM,9000000088,Coimbatore
190,Customer_90,CUST90@GMAIL.COM,9000000089,Mumbai
191,Customer_91,CUST91@GMAIL.COM,9000000090,Kolkata
192,Customer_92,CUST92@GMAIL.COM,9000000091,Hyderabad
193,Customer_93,CUST93@GMAIL.COM,9000000092,Ahmedabad
194,Customer_94,CUST94@GMAIL.COM,9000000093,Indore
195,Customer_95,CUST95@GMAIL.COM,9000000094,Coimbatore
196,Customer_96,CUST96@GMAIL.COM,9000000095,Chennai
197,Customer_97,CUST97@GMAIL.COM,9000000096,Delhi
198,Customer_98,CUST98@GMAIL.COM,9000000097,Chennai
199,Customer_99,CUST99@GMAIL.COM,9000000098,Chennai
200,Customer_100,CUST100@GMAIL.COM,9000000099,Pune
201,Customer_101,CUST101@GMAIL.COM,9000000100,Indore
202,Customer_102,CUST102@GMAIL.COM,9000000101,Hyderabad
203,Customer_103,CUST103@GMAIL.COM,9000000102,Bhopal
204,Customer_104,CUST104@GMAIL.COM,9000000103,Mysore
205,Customer_105,CUST105@GMAIL.COM,9000000104,Indore
206,Customer_106,CUST106@GMAIL.COM,9000000105,Indore
207,Customer_107,CUST107@GMAIL.COM,9000000106,Mumbai
208,Customer_108,CUST108@GMAIL.COM,9000000107,Lucknow
209,Customer_109,CUST109@GMAIL.COM,9000000108,Indore
210,Customer_110,CUST110@GMAIL.COM,9000000109,Delhi
211,Customer_111,CUST111@GMAIL.COM,9000000110,Jaipur
212,Customer_112,CUST112@GMAIL.COM,9000000111,Bhopal
213,Customer_113,CUST113@GMAIL.COM,9000000112,Pune
214,Customer_114,CUST114@GMAIL.COM,9000000113,Delhi
215,Customer_115,CUST115@GMAIL.COM,9000000114,Ahmedabad
216,Customer_116,CUST116@GMAIL.COM,9000000115,Kolkata
217,Customer_117,CUST117@GMAIL.COM,9000000116,Hyderabad
218,Customer_118,CUST118@GMAIL.COM,9000000117,Mysore
219,Customer_119,CUST119@GMAIL.COM,9000000118,Indore
220,Customer_120,CUST120@GMAIL.COM,9000000119,Bhopal
221,Customer_121,CUST121@GMAIL.COM,9000000120,Jaipur
222,Customer_122,CUST122@GMAIL.COM,9000000121,Pune
223,Customer_123,CUST123@GMAIL.COM,9000000122,Indore
224,Customer_124,CUST124@GMAIL.COM,9000000123,Chennai
225,Customer_125,CUST125@GMAIL.COM,9000000124,Coimbatore
226,Customer_126,CUST126@GMAIL.COM,9000000125,Kochi
227,Customer_127,CUST127@GMAIL.COM,9000000126,Kochi
228,Customer_128,CUST128@GMAIL.COM,9000000127,Bangalore
229,Customer_129,CUST129@GMAIL.COM,9000000128,Pune
230,Customer_130,CUST130@GMAIL.COM,9000000129,Coimbatore
231,Customer_131,CUST131@GMAIL.COM,9000000130,Bangalore
232,Customer_132,CUST132@GMAIL.COM,9000000131,Kochi
233,Customer_133,CUST133@GMAIL.COM,9000000132,Chennai
234,Customer_134,CUST134@GMAIL.COM,9000000133,Kolkata
235,Customer_135,CUST135@GMAIL.COM,9000000134,Hyderabad
236,Customer_136,CUST136@GMAIL.COM,9000000135,Mumbai
237,Customer_137,CUST137@GMAIL.COM,9000000136,Pune
238,Customer_138,CUST138@GMAIL.COM,9000000137,Mysore
239,Customer_139,CUST139@GMAIL.COM,9000000138,Lucknow
240,Customer_140,CUST140@GMAIL.COM,9000000139,Mysore
241,Customer_141,CUST141@GMAIL.COM,9000000140,Bhopal
242,Customer_142,CUST142@GMAIL.COM,9000000141,Chennai
243,Customer_143,CUST143@GMAIL.COM,9000000142,Pune
244,Customer_144,CUST144@GMAIL.COM,9000000143,Indore
245,Customer_145,CUST145@GMAIL.COM,9000000144,Ahmedabad
246,Customer_146,CUST146@GMAIL.COM,9000000145,Kolkata
247,Customer_147,CUST147@GMAIL.COM,9000000146,Mysore
248,Customer_148,CUST148@GMAIL.COM,9000000147,Mysore
249,Customer_149,CUST149@GMAIL.COM,9000000148,Indore
250,Customer_150,CUST150@GMAIL.COM,9000000149,Ahmedabad
251,Customer_151,CUST151@GMAIL.COM,9000000150,Delhi
252,Customer_152,CUST152@GMAIL.COM,9000000151,Hyderabad
253,Customer_153,CUST153@GMAIL.COM,9000000152,Delhi
254,Customer_154,CUST154@GMAIL.COM,9000000153,Pune
255,Customer_155,CUST155@GMAIL.COM,9000000154,Bhopal
256,Customer_156,CUST156@GMAIL.COM,9000000155,Jaipur
257,Customer_157,CUST157@GMAIL.COM,9000000156,Jaipur
258,Customer_158,CUST158@GMAIL.COM,9000000157,Hyderabad
259,Customer_159,CUST159@GMAIL.COM,9000000158,Bhopal
260,Customer_160,CUST160@GMAIL.COM,9000000159,Lucknow
261,Customer_161,CUST161@GMAIL.COM,9000000160,Kolkata
262,Customer_162,CUST162@GMAIL.COM,9000000161,Mysore
263,Customer_163,CUST163@GMAIL.COM,9000000162,Lucknow
264,Customer_164,CUST164@GMAIL.COM,9000000163,Kolkata
265,Customer_165,CUST165@GMAIL.COM,9000000164,Chennai
266,Customer_166,CUST166@GMAIL.COM,9000000165,Pune
267,Customer_167,CUST167@GMAIL.COM,9000000166,Delhi
268,Customer_168,CUST168@GMAIL.COM,9000000167,Jaipur
269,Customer_169,CUST169@GMAIL.COM,9000000168,Ahmedabad
270,Customer_170,CUST170@GMAIL.COM,9000000169,Mumbai
271,Customer_171,CUST171@GMAIL.COM,9000000170,Kochi
272,Customer_172,CUST172@GMAIL.COM,9000000171,Bangalore
273,Customer_173,CUST173@GMAIL.COM,9000000172,Coimbatore
274,Customer_174,CUST174@GMAIL.COM,9000000173,Mumbai
275,Customer_175,CUST175@GMAIL.COM,9000000174,Delhi
276,Customer_176,CUST176@GMAIL.COM,9000000175,Indore
277,Customer_177,CUST177@GMAIL.COM,9000000176,Delhi
278,Customer_178,CUST178@GMAIL.COM,9000000177,Kochi
279,Customer_179,CUST179@GMAIL.COM,9000000178,Indore
280,Customer_180,CUST180@GMAIL.COM,9000000179,Kolkata
281,Customer_181,CUST181@GMAIL.COM,9000000180,Lucknow
282,Customer_182,CUST182@GMAIL.COM,9000000181,Mumbai
283,Customer_183,CUST183@GMAIL.COM,9000000182,Kolkata
284,Customer_184,CUST184@GMAIL.COM,9000000183,Kolkata
285,Customer_185,CUST185@GMAIL.COM,9000000184,Lucknow
286,Customer_186,CUST186@GMAIL.COM,9000000185,Ahmedabad
287,Customer_187,CUST187@GMAIL.COM,9000000186,Jaipur
288,Customer_188,CUST188@GMAIL.COM,9000000187,Hyderabad
289,Customer_189,CUST189@GMAIL.COM,9000000188,Jaipur
290,Customer_190,CUST190@GMAIL.COM,9000000189,Coimbatore
291,Customer_191,CUST191@GMAIL.COM,9000000190,Bangalore
292,Customer_192,CUST192@GMAIL.COM,9000000191,Indore
293,Customer_193,CUST193@GMAIL.COM,9000000192,Bhopal
294,Customer_194,CUST194@GMAIL.COM,9000000193,Mumbai
295,Customer_195,CUST195@GMAIL.COM,9000000194,Indore
296,Customer_196,CUST196@GMAIL.COM,9000000195,Mysore
297,Customer_197,CUST197@GMAIL.COM,9000000196,Jaipur
298,Customer_198,CUST198@GMAIL.COM,9000000197,Kochi
299,Customer_199,CUST199@GMAIL.COM,9000000198,Hyderabad
300,Customer_200,CUST200@GMAIL.COM,9000000199,Kochi
301,Customer_201,CUST201@GMAIL.COM,9000000200,Indore
302,Customer_202,CUST202@GMAIL.COM,9000000201,Chennai
303,Customer_203,CUST203@GMAIL.COM,9000000202,Mumbai
304,Customer_204,CUST204@GMAIL.COM,9000000203,Hyderabad
305,Customer_205,CUST205@GMAIL.COM,9000000204,Kolkata
306,Customer_206,CUST206@GMAIL.COM,9000000205,Delhi
307,Customer_207,CUST207@GMAIL.COM,9000000206,Ahmedabad
308,Customer_208,CUST208@GMAIL.COM,9000000207,Bangalore
309,Customer_209,CUST209@GMAIL.COM,9000000208,Bhopal
310,Customer_210,CUST210@GMAIL.COM,9000000209,Mysore
311,Customer_211,CUST211@GMAIL.COM,9000000210,Bhopal
312,Customer_212,CUST212@GMAIL.COM,9000000211,Hyderabad
313,Customer_213,CUST213@GMAIL.COM,9000000212,Jaipur
314,Customer_214,CUST214@GMAIL.COM,9000000213,Kochi
315,Customer_215,CUST215@GMAIL.COM,9000000214,Delhi
316,Customer_216,CUST216@GMAIL.COM,9000000215,Jaipur
317,Customer_217,CUST217@GMAIL.COM,9000000216,Mysore
318,Customer_218,CUST218@GMAIL.COM,9000000217,Mumbai
319,Customer_219,CUST219@GMAIL.COM,9000000218,Coimbatore
320,Customer_220,CUST220@GMAIL.COM,9000000219,Indore
321,Customer_221,CUST221@GMAIL.COM,9000000220,Hyderabad
322,Customer_222,CUST222@GMAIL.COM,9000000221,Coimbatore
323,Customer_223,CUST223@GMAIL.COM,9000000222,Indore
324,Customer_224,CUST224@GMAIL.COM,9000000223,Jaipur
325,Customer_225,CUST225@GMAIL.COM,9000000224,Lucknow
326,Customer_226,CUST226@GMAIL.COM,9000000225,Pune
327,Customer_227,CUST227@GMAIL.COM,9000000226,Delhi
328,Customer_228,CUST228@GMAIL.COM,9000000227,Chennai
329,Customer_229,CUST229@GMAIL.COM,9000000228,Kochi
330,Customer_230,CUST230@GMAIL.COM,9000000229,Delhi
331,Customer_231,CUST231@GMAIL.COM,9000000230,Jaipur
332,Customer_232,CUST232@GMAIL.COM,9000000231,Kochi
333,Customer_233,CUST233@GMAIL.COM,9000000232,Mysore
334,Customer_234,CUST234@GMAIL.COM,9000000233,Jaipur
335,Customer_235,CUST235@GMAIL.COM,9000000234,Mysore
336,Customer_236,CUST236@GMAIL.COM,9000000235,Bangalore
337,Customer_237,CUST237@GMAIL.COM,9000000236,Lucknow
338,Customer_238,CUST238@GMAIL.COM,9000000237,Chennai
339,Customer_239,CUST239@GMAIL.COM,9000000238,Ahmedabad
340,Customer_240,CUST240@GMAIL.COM,9000000239,Bangalore
341,Customer_241,CUST241@GMAIL.COM,9000000240,Mumbai
342,Customer_242,CUST242@GMAIL.COM,9000000241,Mysore
343,Customer_243,CUST243@GMAIL.COM,9000000242,Chennai
344,Customer_244,CUST244@GMAIL.COM,9000000243,Mysore
345,Customer_245,CUST245@GMAIL.COM,9000000244,Coimbatore
346,Customer_246,CUST246@GMAIL.COM,9000000245,Kochi
347,Customer_247,CUST247@GMAIL.COM,9000000246,Hyderabad
348,Customer_248,CUST248@GMAIL.COM,9000000247,Pune
349,Customer_249,CUST249@GMAIL.COM,9000000248,Bangalore
350,Customer_250,CUST250@GMAIL.COM,9000000249,Pune
351,Customer_251,CUST251@GMAIL.COM,9000000250,Mysore
352,Customer_252,CUST252@GMAIL.COM,9000000251,Lucknow
353,Customer_253,CUST253@GMAIL.COM,9000000252,Mumbai
354,Customer_254,CUST254@GMAIL.COM,9000000253,Mumbai
355,Customer_255,CUST255@GMAIL.COM,9000000254,Bhopal
356,Customer_256,CUST256@GMAIL.COM,9000000255,Ahmedabad
357,Customer_257,CUST257@GMAIL.COM,9000000256,Coimbatore
358,Customer_258,CUST258@GMAIL.COM,9000000257,Mumbai
359,Customer_259,CUST259@GMAIL.COM,9000000258,Kochi
360,Customer_260,CUST260@GMAIL.COM,9000000259,Jaipur
361,Customer_261,CUST261@GMAIL.COM,9000000260,Kochi
362,Customer_262,CUST262@GMAIL.COM,9000000261,Delhi
363,Customer_263,CUST263@GMAIL.COM,9000000262,Delhi
364,Customer_264,CUST264@GMAIL.COM,9000000263,Indore
365,Customer_265,CUST265@GMAIL.COM,9000000264,Ahmedabad
366,Customer_266,CUST266@GMAIL.COM,9000000265,Jaipur
367,Customer_267,CUST267@GMAIL.COM,9000000266,Delhi
368,Customer_268,CUST268@GMAIL.COM,9000000267,Hyderabad
369,Customer_269,CUST269@GMAIL.COM,9000000268,Jaipur
370,Customer_270,CUST270@GMAIL.COM,9000000269,Coimbatore
371,Customer_271,CUST271@GMAIL.COM,9000000270,Lucknow
372,Customer_272,CUST272@GMAIL.COM,9000000271,Kolkata
373,Customer_273,CUST273@GMAIL.COM,9000000272,Pune
374,Customer_274,CUST274@GMAIL.COM,9000000273,Mysore
375,Customer_275,CUST275@GMAIL.COM,9000000274,Jaipur
376,Customer_276,CUST276@GMAIL.COM,9000000275,Kochi
377,Customer_277,CUST277@GMAIL.COM,9000000276,Bhopal
378,Customer_278,CUST278@GMAIL.COM,9000000277,Bhopal
379,Customer_279,CUST279@GMAIL.COM,9000000278,Pune
380,Customer_280,CUST280@GMAIL.COM,9000000279,Bhopal
381,Customer_281,CUST281@GMAIL.COM,9000000280,Hyderabad
382,Customer_282,CUST282@GMAIL.COM,9000000281,Kolkata
383,Customer_283,CUST283@GMAIL.COM,9000000282,Indore
384,Customer_284,CUST284@GMAIL.COM,9000000283,Indore
385,Customer_285,CUST285@GMAIL.COM,9000000284,Chennai
386,Customer_286,CUST286@GMAIL.COM,9000000285,Ahmedabad
387,Customer_287,CUST287@GMAIL.COM,9000000286,Mysore
388,Customer_288,CUST288@GMAIL.COM,9000000287,Jaipur
389,Customer_289,CUST289@GMAIL.COM,9000000288,Ahmedabad
390,Customer_290,CUST290@GMAIL.COM,9000000289,Mumbai
391,Customer_291,CUST291@GMAIL.COM,9000000290,Pune
392,Customer_292,CUST292@GMAIL.COM,9000000291,Pune
393,Customer_293,CUST293@GMAIL.COM,9000000292,Mumbai
394,Customer_294,CUST294@GMAIL.COM,9000000293,Chennai
395,Customer_295,CUST295@GMAIL.COM,9000000294,Bangalore
396,Customer_296,CUST296@GMAIL.COM,9000000295,Lucknow
397,Customer_297,CUST297@GMAIL.COM,9000000296,Jaipur
398,Customer_298,CUST298@GMAIL.COM,9000000297,Pune
399,Customer_299,CUST299@GMAIL.COM,9000000298,Lucknow
400,Customer_300,CUST300@GMAIL.COM,9000000299,Pune
401,Customer_301,CUST301@GMAIL.COM,9000000300,Bangalore
402,Customer_302,CUST302@GMAIL.COM,9000000301,Mumbai
403,Customer_303,CUST303@GMAIL.COM,9000000302,Bhopal
404,Customer_304,CUST304@GMAIL.COM,9000000303,Indore
405,Customer_305,CUST305@GMAIL.COM,9000000304,Bangalore
406,Customer_306,CUST306@GMAIL.COM,9000000305,Pune
407,Customer_307,CUST307@GMAIL.COM,9000000306,Mumbai
408,Customer_308,CUST308@GMAIL.COM,9000000307,Mysore
409,Customer_309,CUST309@GMAIL.COM,9000000308,Bangalore
410,Customer_310,CUST310@GMAIL.COM,9000000309,Coimbatore
411,Customer_311,CUST311@GMAIL.COM,9000000310,Chennai
412,Customer_312,CUST312@GMAIL.COM,9000000311,Mumbai
413,Customer_313,CUST313@GMAIL.COM,9000000312,Jaipur
414,Customer_314,CUST314@GMAIL.COM,9000000313,Pune
415,Customer_315,CUST315@GMAIL.COM,9000000314,Hyderabad
416,Customer_316,CUST316@GMAIL.COM,9000000315,Indore
417,Customer_317,CUST317@GMAIL.COM,9000000316,Ahmedabad
418,Customer_318,CUST318@GMAIL.COM,9000000317,Pune
419,Customer_319,CUST319@GMAIL.COM,9000000318,Jaipur
420,Customer_320,CUST320@GMAIL.COM,9000000319,Delhi
421,Customer_321,CUST321@GMAIL.COM,9000000320,Bhopal
422,Customer_322,CUST322@GMAIL.COM,9000000321,Mysore
423,Customer_323,CUST323@GMAIL.COM,9000000322,Mysore
424,Customer_324,CUST324@GMAIL.COM,9000000323,Lucknow
425,Customer_325,CUST325@GMAIL.COM,9000000324,Lucknow
426,Customer_326,CUST326@GMAIL.COM,9000000325,Ahmedabad
427,Customer_327,CUST327@GMAIL.COM,9000000326,Pune
428,Customer_328,CUST328@GMAIL.COM,9000000327,Kochi
429,Customer_329,CUST329@GMAIL.COM,9000000328,Ahmedabad
430,Customer_330,CUST330@GMAIL.COM,9000000329,Kochi
431,Customer_331,CUST331@GMAIL.COM,9000000330,Kolkata
432,Customer_332,CUST332@GMAIL.COM,9000000331,Pune
433,Customer_333,CUST333@GMAIL.COM,9000000332,Mumbai
434,Customer_334,CUST334@GMAIL.COM,9000000333,Mumbai
435,Customer_335,CUST335@GMAIL.COM,9000000334,Indore
436,Customer_336,CUST336@GMAIL.COM,9000000335,Kolkata
437,Customer_337,CUST337@GMAIL.COM,9000000336,Chennai
438,Customer_338,CUST338@GMAIL.COM,9000000337,Kolkata
439,Customer_339,CUST339@GMAIL.COM,9000000338,Kolkata
440,Customer_340,CUST340@GMAIL.COM,9000000339,Ahmedabad
441,Customer_341,CUST341@GMAIL.COM,9000000340,Coimbatore
442,Customer_342,CUST342@GMAIL.COM,9000000341,Bhopal
443,Customer_343,CUST343@GMAIL.COM,9000000342,Bangalore
444,Customer_344,CUST344@GMAIL.COM,9000000343,Indore
445,Customer_345,CUST345@GMAIL.COM,9000000344,Indore
446,Customer_346,CUST346@GMAIL.COM,9000000345,Indore
447,Customer_347,CUST347@GMAIL.COM,9000000346,Mumbai
448,Customer_348,CUST348@GMAIL.COM,9000000347,Bangalore
449,Customer_349,CUST349@GMAIL.COM,9000000348,Kolkata
450,Customer_350,CUST350@GMAIL.COM,9000000349,Bhopal
451,Customer_351,CUST351@GMAIL.COM,9000000350,Chennai
452,Customer_352,CUST352@GMAIL.COM,9000000351,Kochi
453,Customer_353,CUST353@GMAIL.COM,9000000352,Coimbatore
454,Customer_354,CUST354@GMAIL.COM,9000000353,Mumbai
455,Customer_355,CUST355@GMAIL.COM,9000000354,Pune
456,Customer_356,CUST356@GMAIL.COM,9000000355,Pune
457,Customer_357,CUST357@GMAIL.COM,9000000356,Pune
458,Customer_358,CUST358@GMAIL.COM,9000000357,Jaipur
459,Customer_359,CUST359@GMAIL.COM,9000000358,Ahmedabad
460,Customer_360,CUST360@GMAIL.COM,9000000359,Delhi
461,Customer_361,CUST361@GMAIL.COM,9000000360,Kolkata
462,Customer_362,CUST362@GMAIL.COM,9000000361,Delhi
463,Customer_363,CUST363@GMAIL.COM,9000000362,Hyderabad
464,Customer_364,CUST364@GMAIL.COM,9000000363,Ahmedabad
465,Customer_365,CUST365@GMAIL.COM,9000000364,Pune
466,Customer_366,CUST366@GMAIL.COM,9000000365,Coimbatore
467,Customer_367,CUST367@GMAIL.COM,9000000366,Mysore
468,Customer_368,CUST368@GMAIL.COM,9000000367,Mumbai
469,Customer_369,CUST369@GMAIL.COM,9000000368,Ahmedabad
470,Customer_370,CUST370@GMAIL.COM,9000000369,Kochi
471,Customer_371,CUST371@GMAIL.COM,9000000370,Coimbatore
472,Customer_372,CUST372@GMAIL.COM,9000000371,Coimbatore
473,Customer_373,CUST373@GMAIL.COM,9000000372,Jaipur
474,Customer_374,CUST374@GMAIL.COM,9000000373,Mumbai
475,Customer_375,CUST375@GMAIL.COM,9000000374,Bangalore
476,Customer_376,CUST376@GMAIL.COM,9000000375,Indore
477,Customer_377,CUST377@GMAIL.COM,9000000376,Jaipur
478,Customer_378,CUST378@GMAIL.COM,9000000377,Coimbatore
479,Customer_379,CUST379@GMAIL.COM,9000000378,Bangalore
480,Customer_380,CUST380@GMAIL.COM,9000000379,Mumbai
481,Customer_381,CUST381@GMAIL.COM,9000000380,Mysore
482,Customer_382,CUST382@GMAIL.COM,9000000381,Kochi
483,Customer_383,CUST383@GMAIL.COM,9000000382,Coimbatore
484,Customer_384,CUST384@GMAIL.COM,9000000383,Pune
485,Customer_385,CUST385@GMAIL.COM,9000000384,Delhi
486,Customer_386,CUST386@GMAIL.COM,9000000385,Kolkata
487,Customer_387,CUST387@GMAIL.COM,9000000386,Ahmedabad
488,Customer_388,CUST388@GMAIL.COM,9000000387,Ahmedabad
489,Customer_389,CUST389@GMAIL.COM,9000000388,Pune
490,Customer_390,CUST390@GMAIL.COM,9000000389,Coimbatore
491,Customer_391,CUST391@GMAIL.COM,9000000390,Kolkata
492,Customer_392,CUST392@GMAIL.COM,9000000391,Mysore
493,Customer_393,CUST393@GMAIL.COM,9000000392,Bangalore
494,Customer_394,CUST394@GMAIL.COM,9000000393,Delhi
495,Customer_395,CUST395@GMAIL.COM,9000000394,Kolkata
496,Customer_396,CUST396@GMAIL.COM,9000000395,Bangalore
497,Customer_397,CUST397@GMAIL.COM,9000000396,Kolkata
498,Customer_398,CUST398@GMAIL.COM,9000000397,Hyderabad
499,Customer_399,CUST399@GMAIL.COM,9000000398,Mysore
500,Customer_400,CUST400@GMAIL.COM,9000000399,Kochi
501,Customer_401,CUST401@GMAIL.COM,9000000400,Kochi
502,Customer_402,CUST402@GMAIL.COM,9000000401,Ahmedabad
503,Customer_403,CUST403@GMAIL.COM,9000000402,Hyderabad
504,Customer_404,CUST404@GMAIL.COM,9000000403,Kolkata
505,Customer_405,CUST405@GMAIL.COM,9000000404,Bhopal
506,Customer_406,CUST406@GMAIL.COM,9000000405,Bhopal
507,Customer_407,CUST407@GMAIL.COM,9000000406,Kochi
508,Customer_408,CUST408@GMAIL.COM,9000000407,Jaipur
509,Customer_409,CUST409@GMAIL.COM,9000000408,Indore
510,Customer_410,CUST410@GMAIL.COM,9000000409,Bhopal
511,Customer_411,CUST411@GMAIL.COM,9000000410,Ahmedabad
512,Customer_412,CUST412@GMAIL.COM,9000000411,Delhi
513,Customer_413,CUST413@GMAIL.COM,9000000412,Pune
514,Customer_414,CUST414@GMAIL.COM,9000000413,Hyderabad
515,Customer_415,CUST415@GMAIL.COM,9000000414,Pune
516,Customer_416,CUST416@GMAIL.COM,9000000415,Bangalore
517,Customer_417,CUST417@GMAIL.COM,9000000416,Lucknow
518,Customer_418,CUST418@GMAIL.COM,9000000417,Bhopal
519,Customer_419,CUST419@GMAIL.COM,9000000418,Jaipur
520,Customer_420,CUST420@GMAIL.COM,9000000419,Bangalore
521,Customer_421,CUST421@GMAIL.COM,9000000420,Bhopal
522,Customer_422,CUST422@GMAIL.COM,9000000421,Chennai
523,Customer_423,CUST423@GMAIL.COM,9000000422,Bangalore
524,Customer_424,CUST424@GMAIL.COM,9000000423,Bangalore
525,Customer_425,CUST425@GMAIL.COM,9000000424,Lucknow
526,Customer_426,CUST426@GMAIL.COM,9000000425,Ahmedabad
527,Customer_427,CUST427@GMAIL.COM,9000000426,Jaipur
528,Customer_428,CUST428@GMAIL.COM,9000000427,Mysore
529,Customer_429,CUST429@GMAIL.COM,9000000428,Coimbatore
530,Customer_430,CUST430@GMAIL.COM,9000000429,Jaipur
531,Customer_431,CUST431@GMAIL.COM,9000000430,Delhi
532,Customer_432,CUST432@GMAIL.COM,9000000431,Bangalore
533,Customer_433,CUST433@GMAIL.COM,9000000432,Jaipur
534,Customer_434,CUST434@GMAIL.COM,9000000433,Mumbai
535,Customer_435,CUST435@GMAIL.COM,9000000434,Coimbatore
536,Customer_436,CUST436@GMAIL.COM,9000000435,Delhi
537,Customer_437,CUST437@GMAIL.COM,9000000436,Mumbai
538,Customer_438,CUST438@GMAIL.COM,9000000437,Lucknow
539,Customer_439,CUST439@GMAIL.COM,9000000438,Mumbai
540,Customer_440,CUST440@GMAIL.COM,9000000439,Indore
541,Customer_441,CUST441@GMAIL.COM,9000000440,Coimbatore
542,Customer_442,CUST442@GMAIL.COM,9000000441,Pune
543,Customer_443,CUST443@GMAIL.COM,9000000442,Kolkata
544,Customer_444,CUST444@GMAIL.COM,9000000443,Mumbai
545,Customer_445,CUST445@GMAIL.COM,9000000444,Mysore
546,Customer_446,CUST446@GMAIL.COM,9000000445,Lucknow
547,Customer_447,CUST447@GMAIL.COM,9000000446,Pune
548,Customer_448,CUST448@GMAIL.COM,9000000447,Lucknow
549,Customer_449,CUST449@GMAIL.COM,9000000448,Lucknow
550,Customer_450,CUST450@GMAIL.COM,9000000449,Bangalore
551,Customer_451,CUST451@GMAIL.COM,9000000450,Lucknow
552,Customer_452,CUST452@GMAIL.COM,9000000451,Mumbai
553,Customer_453,CUST453@GMAIL.COM,9000000452,Kolkata
554,Customer_454,CUST454@GMAIL.COM,9000000453,Indore
555,Customer_455,CUST455@GMAIL.COM,9000000454,Lucknow
556,Customer_456,CUST456@GMAIL.COM,9000000455,Lucknow
557,Customer_457,CUST457@GMAIL.COM,9000000456,Jaipur
558,Customer_458,CUST458@GMAIL.COM,9000000457,Chennai
559,Customer_459,CUST459@GMAIL.COM,9000000458,Mysore
560,Customer_460,CUST460@GMAIL.COM,9000000459,Hyderabad
561,Customer_461,CUST461@GMAIL.COM,9000000460,Pune
562,Customer_462,CUST462@GMAIL.COM,9000000461,Indore
563,Customer_463,CUST463@GMAIL.COM,9000000462,Bhopal
564,Customer_464,CUST464@GMAIL.COM,9000000463,Chennai
565,Customer_465,CUST465@GMAIL.COM,9000000464,Pune
566,Customer_466,CUST466@GMAIL.COM,9000000465,Hyderabad
567,Customer_467,CUST467@GMAIL.COM,9000000466,Kolkata
568,Customer_468,CUST468@GMAIL.COM,9000000467,Delhi
569,Customer_469,CUST469@GMAIL.COM,9000000468,Indore
570,Customer_470,CUST470@GMAIL.COM,9000000469,Indore
571,Customer_471,CUST471@GMAIL.COM,9000000470,Hyderabad
572,Customer_472,CUST472@GMAIL.COM,9000000471,Ahmedabad
573,Customer_473,CUST473@GMAIL.COM,9000000472,Chennai
574,Customer_474,CUST474@GMAIL.COM,9000000473,Mysore
575,Customer_475,CUST475@GMAIL.COM,9000000474,Kochi
576,Customer_476,CUST476@GMAIL.COM,9000000475,Mysore
577,Customer_477,CUST477@GMAIL.COM,9000000476,Mumbai
578,Customer_478,CUST478@GMAIL.COM,9000000477,Bangalore
579,Customer_479,CUST479@GMAIL.COM,9000000478,Ahmedabad
580,Customer_480,CUST480@GMAIL.COM,9000000479,Lucknow
581,Customer_481,CUST481@GMAIL.COM,9000000480,Lucknow
582,Customer_482,CUST482@GMAIL.COM,9000000481,Mumbai
583,Customer_483,CUST483@GMAIL.COM,9000000482,Mumbai
584,Customer_484,CUST484@GMAIL.COM,9000000483,Jaipur
585,Customer_485,CUST485@GMAIL.COM,9000000484,Pune
586,Customer_486,CUST486@GMAIL.COM,9000000485,Jaipur
587,Customer_487,CUST487@GMAIL.COM,9000000486,Hyderabad
588,Customer_488,CUST488@GMAIL.COM,9000000487,Delhi
589,Customer_489,CUST489@GMAIL.COM,9000000488,Mysore
590,Customer_490,CUST490@GMAIL.COM,9000000489,Chennai
591,Customer_491,CUST491@GMAIL.COM,9000000490,Mysore
592,Customer_492,CUST492@GMAIL.COM,9000000491,Mumbai
593,Customer_493,CUST493@GMAIL.COM,9000000492,Mysore
594,Customer_494,CUST494@GMAIL.COM,9000000493,Pune
595,Customer_495,CUST495@GMAIL.COM,9000000494,Chennai
596,Customer_496,CUST496@GMAIL.COM,9000000495,Hyderabad
597,Customer_497,CUST497@GMAIL.COM,9000000496,Delhi
598,Customer_498,CUST498@GMAIL.COM,9000000497,Ahmedabad
599,Customer_499,CUST499@GMAIL.COM,9000000498,Coimbatore
600,Customer_500,CUST500@GMAIL.COM,9000000499,Jaipur
601,Customer_501,CUST501@GMAIL.COM,9000000500,Bhopal
602,Customer_502,CUST502@GMAIL.COM,9000000501,Hyderabad
603,Customer_503,CUST503@GMAIL.COM,9000000502,Lucknow
604,Customer_504,CUST504@GMAIL.COM,9000000503,Kochi
605,Customer_505,CUST505@GMAIL.COM,9000000504,Indore
606,Customer_506,CUST506@GMAIL.COM,9000000505,Jaipur
607,Customer_507,CUST507@GMAIL.COM,9000000506,Bangalore
608,Customer_508,CUST508@GMAIL.COM,9000000507,Indore
609,Customer_509,CUST509@GMAIL.COM,9000000508,Coimbatore
610,Customer_510,CUST510@GMAIL.COM,9000000509,Jaipur
611,Customer_511,CUST511@GMAIL.COM,9000000510,Hyderabad
612,Customer_512,CUST512@GMAIL.COM,9000000511,Mysore
613,Customer_513,CUST513@GMAIL.COM,9000000512,Indore
614,Customer_514,CUST514@GMAIL.COM,9000000513,Mumbai
615,Customer_515,CUST515@GMAIL.COM,9000000514,Mysore
616,Customer_516,CUST516@GMAIL.COM,9000000515,Delhi
617,Customer_517,CUST517@GMAIL.COM,9000000516,Hyderabad
618,Customer_518,CUST518@GMAIL.COM,9000000517,Mumbai
619,Customer_519,CUST519@GMAIL.COM,9000000518,Mysore
620,Customer_520,CUST520@GMAIL.COM,9000000519,Mumbai
621,Customer_521,CUST521@GMAIL.COM,9000000520,Bhopal
622,Customer_522,CUST522@GMAIL.COM,9000000521,Jaipur
623,Customer_523,CUST523@GMAIL.COM,9000000522,Delhi
624,Customer_524,CUST524@GMAIL.COM,9000000523,Hyderabad
625,Customer_525,CUST525@GMAIL.COM,9000000524,Hyderabad
626,Customer_526,CUST526@GMAIL.COM,9000000525,Lucknow
627,Customer_527,CUST527@GMAIL.COM,9000000526,Pune
628,Customer_528,CUST528@GMAIL.COM,9000000527,Bhopal
629,Customer_529,CUST529@GMAIL.COM,9000000528,Chennai
630,Customer_530,CUST530@GMAIL.COM,9000000529,Pune
631,Customer_531,CUST531@GMAIL.COM,9000000530,Indore
632,Customer_532,CUST532@GMAIL.COM,9000000531,Indore
633,Customer_533,CUST533@GMAIL.COM,9000000532,Coimbatore
634,Customer_534,CUST534@GMAIL.COM,9000000533,Hyderabad
635,Customer_535,CUST535@GMAIL.COM,9000000534,Jaipur
636,Customer_536,CUST536@GMAIL.COM,9000000535,Ahmedabad
637,Customer_537,CUST537@GMAIL.COM,9000000536,Hyderabad
638,Customer_538,CUST538@GMAIL.COM,9000000537,Mysore
639,Customer_539,CUST539@GMAIL.COM,9000000538,Mysore
640,Customer_540,CUST540@GMAIL.COM,9000000539,Coimbatore
641,Customer_541,CUST541@GMAIL.COM,9000000540,Bangalore
642,Customer_542,CUST542@GMAIL.COM,9000000541,Mumbai
643,Customer_543,CUST543@GMAIL.COM,9000000542,Indore
644,Customer_544,CUST544@GMAIL.COM,9000000543,Kolkata
645,Customer_545,CUST545@GMAIL.COM,9000000544,Coimbatore
646,Customer_546,CUST546@GMAIL.COM,9000000545,Hyderabad
647,Customer_547,CUST547@GMAIL.COM,9000000546,Bangalore
648,Customer_548,CUST548@GMAIL.COM,9000000547,Bangalore
649,Customer_549,CUST549@GMAIL.COM,9000000548,Chennai
650,Customer_550,CUST550@GMAIL.COM,9000000549,Kochi
651,Customer_551,CUST551@GMAIL.COM,9000000550,Delhi
652,Customer_552,CUST552@GMAIL.COM,9000000551,Indore
653,Customer_553,CUST553@GMAIL.COM,9000000552,Hyderabad
654,Customer_554,CUST554@GMAIL.COM,9000000553,Delhi
655,Customer_555,CUST555@GMAIL.COM,9000000554,Bhopal
656,Customer_556,CUST556@GMAIL.COM,9000000555,Ahmedabad
657,Customer_557,CUST557@GMAIL.COM,9000000556,Jaipur
658,Customer_558,CUST558@GMAIL.COM,9000000557,Bhopal
659,Customer_559,CUST559@GMAIL.COM,9000000558,Kolkata
660,Customer_560,CUST560@GMAIL.COM,9000000559,Jaipur
661,Customer_561,CUST561@GMAIL.COM,9000000560,Bangalore
662,Customer_562,CUST562@GMAIL.COM,9000000561,Mumbai
663,Customer_563,CUST563@GMAIL.COM,9000000562,Mumbai
664,Customer_564,CUST564@GMAIL.COM,9000000563,Mysore
665,Customer_565,CUST565@GMAIL.COM,9000000564,Bhopal
666,Customer_566,CUST566@GMAIL.COM,9000000565,Mysore
667,Customer_567,CUST567@GMAIL.COM,9000000566,Delhi
668,Customer_568,CUST568@GMAIL.COM,9000000567,Jaipur
669,Customer_569,CUST569@GMAIL.COM,9000000568,Bangalore
670,Customer_570,CUST570@GMAIL.COM,9000000569,Coimbatore
671,Customer_571,CUST571@GMAIL.COM,9000000570,Chennai
672,Customer_572,CUST572@GMAIL.COM,9000000571,Lucknow
673,Customer_573,CUST573@GMAIL.COM,9000000572,Jaipur
674,Customer_574,CUST574@GMAIL.COM,9000000573,Delhi
675,Customer_575,CUST575@GMAIL.COM,9000000574,Kolkata
676,Customer_576,CUST576@GMAIL.COM,9000000575,Delhi
677,Customer_577,CUST577@GMAIL.COM,9000000576,Bangalore
678,Customer_578,CUST578@GMAIL.COM,9000000577,Hyderabad
679,Customer_579,CUST579@GMAIL.COM,9000000578,Chennai
680,Customer_580,CUST580@GMAIL.COM,9000000579,Mysore
681,Customer_581,CUST581@GMAIL.COM,9000000580,Mysore
682,Customer_582,CUST582@GMAIL.COM,9000000581,Kochi
683,Customer_583,CUST583@GMAIL.COM,9000000582,Coimbatore
684,Customer_584,CUST584@GMAIL.COM,9000000583,Bangalore
685,Customer_585,CUST585@GMAIL.COM,9000000584,Mysore
686,Customer_586,CUST586@GMAIL.COM,9000000585,Chennai
687,Customer_587,CUST587@GMAIL.COM,9000000586,Pune
688,Customer_588,CUST588@GMAIL.COM,9000000587,Indore
689,Customer_589,CUST589@GMAIL.COM,9000000588,Pune
690,Customer_590,CUST590@GMAIL.COM,9000000589,Indore
691,Customer_591,CUST591@GMAIL.COM,9000000590,Mumbai
692,Customer_592,CUST592@GMAIL.COM,9000000591,Chennai
693,Customer_593,CUST593@GMAIL.COM,9000000592,Kochi
694,Customer_594,CUST594@GMAIL.COM,9000000593,Jaipur
695,Customer_595,CUST595@GMAIL.COM,9000000594,Mysore
696,Customer_596,CUST596@GMAIL.COM,9000000595,Coimbatore
697,Customer_597,CUST597@GMAIL.COM,9000000596,Kolkata
698,Customer_598,CUST598@GMAIL.COM,9000000597,Lucknow
699,Customer_599,CUST599@GMAIL.COM,9000000598,Bhopal
700,Customer_600,CUST600@GMAIL.COM,9000000599,Delhi
701,Customer_601,CUST601@GMAIL.COM,9000000600,Mysore
702,Customer_602,CUST602@GMAIL.COM,9000000601,Mysore
703,Customer_603,CUST603@GMAIL.COM,9000000602,Pune
704,Customer_604,CUST604@GMAIL.COM,9000000603,Coimbatore
705,Customer_605,CUST605@GMAIL.COM,9000000604,Delhi
706,Customer_606,CUST606@GMAIL.COM,9000000605,Kochi
707,Customer_607,CUST607@GMAIL.COM,9000000606,Kochi
708,Customer_608,CUST608@GMAIL.COM,9000000607,Delhi
709,Customer_609,CUST609@GMAIL.COM,9000000608,Mysore
710,Customer_610,CUST610@GMAIL.COM,9000000609,Kolkata
711,Customer_611,CUST611@GMAIL.COM,9000000610,Bangalore
712,Customer_612,CUST612@GMAIL.COM,9000000611,Delhi
713,Customer_613,CUST613@GMAIL.COM,9000000612,Bhopal
714,Customer_614,CUST614@GMAIL.COM,9000000613,Mysore
715,Customer_615,CUST615@GMAIL.COM,9000000614,Chennai
716,Customer_616,CUST616@GMAIL.COM,9000000615,Kochi
717,Customer_617,CUST617@GMAIL.COM,9000000616,Mysore
718,Customer_618,CUST618@GMAIL.COM,9000000617,Kolkata
719,Customer_619,CUST619@GMAIL.COM,9000000618,Kochi
720,Customer_620,CUST620@GMAIL.COM,9000000619,Indore
721,Customer_621,CUST621@GMAIL.COM,9000000620,Coimbatore
722,Customer_622,CUST622@GMAIL.COM,9000000621,Bhopal
723,Customer_623,CUST623@GMAIL.COM,9000000622,Kochi
724,Customer_624,CUST624@GMAIL.COM,9000000623,Pune
725,Customer_625,CUST625@GMAIL.COM,9000000624,Hyderabad
726,Customer_626,CUST626@GMAIL.COM,9000000625,Delhi
727,Customer_627,CUST627@GMAIL.COM,9000000626,Kochi
728,Customer_628,CUST628@GMAIL.COM,9000000627,Bhopal
729,Customer_629,CUST629@GMAIL.COM,9000000628,Mumbai
730,Customer_630,CUST630@GMAIL.COM,9000000629,Kolkata
731,Customer_631,CUST631@GMAIL.COM,9000000630,Coimbatore
732,Customer_632,CUST632@GMAIL.COM,9000000631,Bangalore
733,Customer_633,CUST633@GMAIL.COM,9000000632,Coimbatore
734,Customer_634,CUST634@GMAIL.COM,9000000633,Ahmedabad
735,Customer_635,CUST635@GMAIL.COM,9000000634,Pune
736,Customer_636,CUST636@GMAIL.COM,9000000635,Pune
737,Customer_637,CUST637@GMAIL.COM,9000000636,Coimbatore
738,Customer_638,CUST638@GMAIL.COM,9000000637,Mysore
739,Customer_639,CUST639@GMAIL.COM,9000000638,Ahmedabad
740,Customer_640,CUST640@GMAIL.COM,9000000639,Chennai
741,Customer_641,CUST641@GMAIL.COM,9000000640,Hyderabad
742,Customer_642,CUST642@GMAIL.COM,9000000641,Coimbatore
743,Customer_643,CUST643@GMAIL.COM,9000000642,Kochi
744,Customer_644,CUST644@GMAIL.COM,9000000643,Coimbatore
745,Customer_645,CUST645@GMAIL.COM,9000000644,Pune
746,Customer_646,CUST646@GMAIL.COM,9000000645,Pune
747,Customer_647,CUST647@GMAIL.COM,9000000646,Bangalore
748,Customer_648,CUST648@GMAIL.COM,9000000647,Indore
749,Customer_649,CUST649@GMAIL.COM,9000000648,Pune
750,Customer_650,CUST650@GMAIL.COM,9000000649,Kolkata
751,Customer_651,CUST651@GMAIL.COM,9000000650,Chennai
752,Customer_652,CUST652@GMAIL.COM,9000000651,Hyderabad
753,Customer_653,CUST653@GMAIL.COM,9000000652,Coimbatore
754,Customer_654,CUST654@GMAIL.COM,9000000653,Mumbai
755,Customer_655,CUST655@GMAIL.COM,9000000654,Kochi
756,Customer_656,CUST656@GMAIL.COM,9000000655,Hyderabad
757,Customer_657,CUST657@GMAIL.COM,9000000656,Chennai
758,Customer_658,CUST658@GMAIL.COM,9000000657,Indore
759,Customer_659,CUST659@GMAIL.COM,9000000658,Jaipur
760,Customer_660,CUST660@GMAIL.COM,9000000659,Kolkata
761,Customer_661,CUST661@GMAIL.COM,9000000660,Indore
762,Customer_662,CUST662@GMAIL.COM,9000000661,Coimbatore
763,Customer_663,CUST663@GMAIL.COM,9000000662,Jaipur
764,Customer_664,CUST664@GMAIL.COM,9000000663,Chennai
765,Customer_665,CUST665@GMAIL.COM,9000000664,Bangalore
766,Customer_666,CUST666@GMAIL.COM,9000000665,Mumbai
767,Customer_667,CUST667@GMAIL.COM,9000000666,Mysore
768,Customer_668,CUST668@GMAIL.COM,9000000667,Hyderabad
769,Customer_669,CUST669@GMAIL.COM,9000000668,Delhi
770,Customer_670,CUST670@GMAIL.COM,9000000669,Lucknow
771,Customer_671,CUST671@GMAIL.COM,9000000670,Hyderabad
772,Customer_672,CUST672@GMAIL.COM,9000000671,Bangalore
773,Customer_673,CUST673@GMAIL.COM,9000000672,Mumbai
774,Customer_674,CUST674@GMAIL.COM,9000000673,Lucknow
775,Customer_675,CUST675@GMAIL.COM,9000000674,Kolkata
776,Customer_676,CUST676@GMAIL.COM,9000000675,Chennai
777,Customer_677,CUST677@GMAIL.COM,9000000676,Bhopal
778,Customer_678,CUST678@GMAIL.COM,9000000677,Kochi
779,Customer_679,CUST679@GMAIL.COM,9000000678,Chennai
780,Customer_680,CUST680@GMAIL.COM,9000000679,Kolkata
781,Customer_681,CUST681@GMAIL.COM,9000000680,Lucknow
782,Customer_682,CUST682@GMAIL.COM,9000000681,Jaipur
783,Customer_683,CUST683@GMAIL.COM,9000000682,Mumbai
784,Customer_684,CUST684@GMAIL.COM,9000000683,Kolkata
785,Customer_685,CUST685@GMAIL.COM,9000000684,Mysore
786,Customer_686,CUST686@GMAIL.COM,9000000685,Lucknow
787,Customer_687,CUST687@GMAIL.COM,9000000686,Pune
788,Customer_688,CUST688@GMAIL.COM,9000000687,Hyderabad
789,Customer_689,CUST689@GMAIL.COM,9000000688,Bangalore
790,Customer_690,CUST690@GMAIL.COM,9000000689,Bhopal
791,Customer_691,CUST691@GMAIL.COM,9000000690,Kolkata
792,Customer_692,CUST692@GMAIL.COM,9000000691,Bangalore
793,Customer_693,CUST693@GMAIL.COM,9000000692,Jaipur
794,Customer_694,CUST694@GMAIL.COM,9000000693,Mysore
795,Customer_695,CUST695@GMAIL.COM,9000000694,Kochi
796,Customer_696,CUST696@GMAIL.COM,9000000695,Jaipur
797,Customer_697,CUST697@GMAIL.COM,9000000696,Indore
798,Customer_698,CUST698@GMAIL.COM,9000000697,Bhopal
799,Customer_699,CUST699@GMAIL.COM,9000000698,Bhopal
800,Customer_700,CUST700@GMAIL.COM,9000000699,Bhopal
801,Customer_701,CUST701@GMAIL.COM,9000000700,Indore
802,Customer_702,CUST702@GMAIL.COM,9000000701,Pune
803,Customer_703,CUST703@GMAIL.COM,9000000702,Chennai
804,Customer_704,CUST704@GMAIL.COM,9000000703,Kolkata
805,Customer_705,CUST705@GMAIL.COM,9000000704,Mumbai
806,Customer_706,CUST706@GMAIL.COM,9000000705,Indore
807,Customer_707,CUST707@GMAIL.COM,9000000706,Mysore
808,Customer_708,CUST708@GMAIL.COM,9000000707,Chennai
809,Customer_709,CUST709@GMAIL.COM,9000000708,Lucknow
810,Customer_710,CUST710@GMAIL.COM,9000000709,Chennai
811,Customer_711,CUST711@GMAIL.COM,9000000710,Indore
812,Customer_712,CUST712@GMAIL.COM,9000000711,Coimbatore
813,Customer_713,CUST713@GMAIL.COM,9000000712,Mumbai
814,Customer_714,CUST714@GMAIL.COM,9000000713,Bhopal
815,Customer_715,CUST715@GMAIL.COM,9000000714,Mysore
816,Customer_716,CUST716@GMAIL.COM,9000000715,Hyderabad
817,Customer_717,CUST717@GMAIL.COM,9000000716,Jaipur
818,Customer_718,CUST718@GMAIL.COM,9000000717,Hyderabad
819,Customer_719,CUST719@GMAIL.COM,9000000718,Indore
820,Customer_720,CUST720@GMAIL.COM,9000000719,Kolkata
821,Customer_721,CUST721@GMAIL.COM,9000000720,Chennai
822,Customer_722,CUST722@GMAIL.COM,9000000721,Kolkata
823,Customer_723,CUST723@GMAIL.COM,9000000722,Bhopal
824,Customer_724,CUST724@GMAIL.COM,9000000723,Hyderabad
825,Customer_725,CUST725@GMAIL.COM,9000000724,Jaipur
826,Customer_726,CUST726@GMAIL.COM,9000000725,Delhi
827,Customer_727,CUST727@GMAIL.COM,9000000726,Pune
828,Customer_728,CUST728@GMAIL.COM,9000000727,Kolkata
829,Customer_729,CUST729@GMAIL.COM,9000000728,Indore
830,Customer_730,CUST730@GMAIL.COM,9000000729,Kolkata
831,Customer_731,CUST731@GMAIL.COM,9000000730,Indore
832,Customer_732,CUST732@GMAIL.COM,9000000731,Bhopal
833,Customer_733,CUST733@GMAIL.COM,9000000732,Mysore
834,Customer_734,CUST734@GMAIL.COM,9000000733,Delhi
835,Customer_735,CUST735@GMAIL.COM,9000000734,Lucknow
836,Customer_736,CUST736@GMAIL.COM,9000000735,Lucknow
837,Customer_737,CUST737@GMAIL.COM,9000000736,Hyderabad
838,Customer_738,CUST738@GMAIL.COM,9000000737,Kolkata
839,Customer_739,CUST739@GMAIL.COM,9000000738,Jaipur
840,Customer_740,CUST740@GMAIL.COM,9000000739,Coimbatore
841,Customer_741,CUST741@GMAIL.COM,9000000740,Bangalore
842,Customer_742,CUST742@GMAIL.COM,9000000741,Hyderabad
843,Customer_743,CUST743@GMAIL.COM,9000000742,Hyderabad
844,Customer_744,CUST744@GMAIL.COM,9000000743,Pune
845,Customer_745,CUST745@GMAIL.COM,9000000744,Kolkata
846,Customer_746,CUST746@GMAIL.COM,9000000745,Kochi
847,Customer_747,CUST747@GMAIL.COM,9000000746,Lucknow
848,Customer_748,CUST748@GMAIL.COM,9000000747,Lucknow
849,Customer_749,CUST749@GMAIL.COM,9000000748,Indore
850,Customer_750,CUST750@GMAIL.COM,9000000749,Chennai
851,Customer_751,CUST751@GMAIL.COM,9000000750,Ahmedabad
852,Customer_752,CUST752@GMAIL.COM,9000000751,Ahmedabad
853,Customer_753,CUST753@GMAIL.COM,9000000752,Ahmedabad
854,Customer_754,CUST754@GMAIL.COM,9000000753,Indore
855,Customer_755,CUST755@GMAIL.COM,9000000754,Pune
856,Customer_756,CUST756@GMAIL.COM,9000000755,Jaipur
857,Customer_757,CUST757@GMAIL.COM,9000000756,Ahmedabad
858,Customer_758,CUST758@GMAIL.COM,9000000757,Kochi
859,Customer_759,CUST759@GMAIL.COM,9000000758,Mysore
860,Customer_760,CUST760@GMAIL.COM,9000000759,Kochi
861,Customer_761,CUST761@GMAIL.COM,9000000760,Bhopal
862,Customer_762,CUST762@GMAIL.COM,9000000761,Delhi
863,Customer_763,CUST763@GMAIL.COM,9000000762,Indore
864,Customer_764,CUST764@GMAIL.COM,9000000763,Mumbai
865,Customer_765,CUST765@GMAIL.COM,9000000764,Hyderabad
866,Customer_766,CUST766@GMAIL.COM,9000000765,Jaipur
867,Customer_767,CUST767@GMAIL.COM,9000000766,Indore
868,Customer_768,CUST768@GMAIL.COM,9000000767,Indore
869,Customer_769,CUST769@GMAIL.COM,9000000768,Lucknow
870,Customer_770,CUST770@GMAIL.COM,9000000769,Chennai
871,Customer_771,CUST771@GMAIL.COM,9000000770,Mumbai
872,Customer_772,CUST772@GMAIL.COM,9000000771,Coimbatore
873,Customer_773,CUST773@GMAIL.COM,9000000772,Kochi
874,Customer_774,CUST774@GMAIL.COM,9000000773,Pune
875,Customer_775,CUST775@GMAIL.COM,9000000774,Indore
876,Customer_776,CUST776@GMAIL.COM,9000000775,Hyderabad
877,Customer_777,CUST777@GMAIL.COM,9000000776,Pune
878,Customer_778,CUST778@GMAIL.COM,9000000777,Kochi
879,Customer_779,CUST779@GMAIL.COM,9000000778,Pune
880,Customer_780,CUST780@GMAIL.COM,9000000779,Delhi
881,Customer_781,CUST781@GMAIL.COM,9000000780,Bangalore
882,Customer_782,CUST782@GMAIL.COM,9000000781,Bangalore
883,Customer_783,CUST783@GMAIL.COM,9000000782,Pune
884,Customer_784,CUST784@GMAIL.COM,9000000783,Ahmedabad
885,Customer_785,CUST785@GMAIL.COM,9000000784,Lucknow
886,Customer_786,CUST786@GMAIL.COM,9000000785,Coimbatore
887,Customer_787,CUST787@GMAIL.COM,9000000786,Kochi
888,Customer_788,CUST788@GMAIL.COM,9000000787,Mumbai
889,Customer_789,CUST789@GMAIL.COM,9000000788,Ahmedabad
890,Customer_790,CUST790@GMAIL.COM,9000000789,Kolkata
891,Customer_791,CUST791@GMAIL.COM,9000000790,Mysore
892,Customer_792,CUST792@GMAIL.COM,9000000791,Indore
893,Customer_793,CUST793@GMAIL.COM,9000000792,Lucknow
894,Customer_794,CUST794@GMAIL.COM,9000000793,Pune
895,Customer_795,CUST795@GMAIL.COM,9000000794,Bhopal
896,Customer_796,CUST796@GMAIL.COM,9000000795,Bhopal
897,Customer_797,CUST797@GMAIL.COM,9000000796,Kolkata
898,Customer_798,CUST798@GMAIL.COM,9000000797,Ahmedabad
899,Customer_799,CUST799@GMAIL.COM,9000000798,Kolkata
900,Customer_800,CUST800@GMAIL.COM,9000000799,Pune
901,Customer_801,CUST801@GMAIL.COM,9000000800,Delhi
902,Customer_802,CUST802@GMAIL.COM,9000000801,Indore
903,Customer_803,CUST803@GMAIL.COM,9000000802,Bhopal
904,Customer_804,CUST804@GMAIL.COM,9000000803,Bangalore
905,Customer_805,CUST805@GMAIL.COM,9000000804,Mysore
906,Customer_806,CUST806@GMAIL.COM,9000000805,Kochi
907,Customer_807,CUST807@GMAIL.COM,9000000806,Coimbatore
908,Customer_808,CUST808@GMAIL.COM,9000000807,Kochi
909,Customer_809,CUST809@GMAIL.COM,9000000808,Mysore
910,Customer_810,CUST810@GMAIL.COM,9000000809,Mumbai
911,Customer_811,CUST811@GMAIL.COM,9000000810,Kochi
912,Customer_812,CUST812@GMAIL.COM,9000000811,Kolkata
913,Customer_813,CUST813@GMAIL.COM,9000000812,Pune
914,Customer_814,CUST814@GMAIL.COM,9000000813,Delhi
915,Customer_815,CUST815@GMAIL.COM,9000000814,Kochi
916,Customer_816,CUST816@GMAIL.COM,9000000815,Bhopal
917,Customer_817,CUST817@GMAIL.COM,9000000816,Jaipur
918,Customer_818,CUST818@GMAIL.COM,9000000817,Ahmedabad
919,Customer_819,CUST819@GMAIL.COM,9000000818,Bangalore
920,Customer_820,CUST820@GMAIL.COM,9000000819,Jaipur
921,Customer_821,CUST821@GMAIL.COM,9000000820,Pune
922,Customer_822,CUST822@GMAIL.COM,9000000821,Mysore
923,Customer_823,CUST823@GMAIL.COM,9000000822,Coimbatore
924,Customer_824,CUST824@GMAIL.COM,9000000823,Mumbai
925,Customer_825,CUST825@GMAIL.COM,9000000824,Ahmedabad
926,Customer_826,CUST826@GMAIL.COM,9000000825,Delhi
927,Customer_827,CUST827@GMAIL.COM,9000000826,Kochi
928,Customer_828,CUST828@GMAIL.COM,9000000827,Ahmedabad
929,Customer_829,CUST829@GMAIL.COM,9000000828,Indore
930,Customer_830,CUST830@GMAIL.COM,9000000829,Jaipur
931,Customer_831,CUST831@GMAIL.COM,9000000830,Jaipur
932,Customer_832,CUST832@GMAIL.COM,9000000831,Lucknow
933,Customer_833,CUST833@GMAIL.COM,9000000832,Chennai
934,Customer_834,CUST834@GMAIL.COM,9000000833,Kochi
935,Customer_835,CUST835@GMAIL.COM,9000000834,Mysore
936,Customer_836,CUST836@GMAIL.COM,9000000835,Ahmedabad
937,Customer_837,CUST837@GMAIL.COM,9000000836,Lucknow
938,Customer_838,CUST838@GMAIL.COM,9000000837,Coimbatore
939,Customer_839,CUST839@GMAIL.COM,9000000838,Bhopal
940,Customer_840,CUST840@GMAIL.COM,9000000839,Mysore
941,Customer_841,CUST841@GMAIL.COM,9000000840,Jaipur
942,Customer_842,CUST842@GMAIL.COM,9000000841,Kolkata
943,Customer_843,CUST843@GMAIL.COM,9000000842,Coimbatore
944,Customer_844,CUST844@GMAIL.COM,9000000843,Mysore
945,Customer_845,CUST845@GMAIL.COM,9000000844,Jaipur
946,Customer_846,CUST846@GMAIL.COM,9000000845,Ahmedabad
947,Customer_847,CUST847@GMAIL.COM,9000000846,Mysore
948,Customer_848,CUST848@GMAIL.COM,9000000847,Delhi
949,Customer_849,CUST849@GMAIL.COM,9000000848,Bhopal
950,Customer_850,CUST850@GMAIL.COM,9000000849,Coimbatore
951,Customer_851,CUST851@GMAIL.COM,9000000850,Ahmedabad
952,Customer_852,CUST852@GMAIL.COM,9000000851,Ahmedabad
953,Customer_853,CUST853@GMAIL.COM,9000000852,Hyderabad
954,Customer_854,CUST854@GMAIL.COM,9000000853,Kochi
955,Customer_855,CUST855@GMAIL.COM,9000000854,Pune
956,Customer_856,CUST856@GMAIL.COM,9000000855,Coimbatore
957,Customer_857,CUST857@GMAIL.COM,9000000856,Indore
958,Customer_858,CUST858@GMAIL.COM,9000000857,Hyderabad
959,Customer_859,CUST859@GMAIL.COM,9000000858,Kochi
960,Customer_860,CUST860@GMAIL.COM,9000000859,Kochi
961,Customer_861,CUST861@GMAIL.COM,9000000860,Jaipur
962,Customer_862,CUST862@GMAIL.COM,9000000861,Ahmedabad
963,Customer_863,CUST863@GMAIL.COM,9000000862,Indore
964,Customer_864,CUST864@GMAIL.COM,9000000863,Pune
965,Customer_865,CUST865@GMAIL.COM,9000000864,Hyderabad
966,Customer_866,CUST866@GMAIL.COM,9000000865,Ahmedabad
967,Customer_867,CUST867@GMAIL.COM,9000000866,Mumbai
968,Customer_868,CUST868@GMAIL.COM,9000000867,Bhopal
969,Customer_869,CUST869@GMAIL.COM,9000000868,Hyderabad
970,Customer_870,CUST870@GMAIL.COM,9000000869,Pune
971,Customer_871,CUST871@GMAIL.COM,9000000870,Hyderabad
972,Customer_872,CUST872@GMAIL.COM,9000000871,Chennai
973,Customer_873,CUST873@GMAIL.COM,9000000872,Chennai
974,Customer_874,CUST874@GMAIL.COM,9000000873,Mysore
975,Customer_875,CUST875@GMAIL.COM,9000000874,Jaipur
976,Customer_876,CUST876@GMAIL.COM,9000000875,Mumbai
977,Customer_877,CUST877@GMAIL.COM,9000000876,Delhi
978,Customer_878,CUST878@GMAIL.COM,9000000877,Delhi
979,Customer_879,CUST879@GMAIL.COM,9000000878,Pune
980,Customer_880,CUST880@GMAIL.COM,9000000879,Kolkata
981,Customer_881,CUST881@GMAIL.COM,9000000880,Bhopal
982,Customer_882,CUST882@GMAIL.COM,9000000881,Delhi
983,Customer_883,CUST883@GMAIL.COM,9000000882,Bhopal
984,Customer_884,CUST884@GMAIL.COM,9000000883,Pune
985,Customer_885,CUST885@GMAIL.COM,9000000884,Mumbai
986,Customer_886,CUST886@GMAIL.COM,9000000885,Kolkata
987,Customer_887,CUST887@GMAIL.COM,9000000886,Kolkata
988,Customer_888,CUST888@GMAIL.COM,9000000887,Chennai
989,Customer_889,CUST889@GMAIL.COM,9000000888,Jaipur
990,Customer_890,CUST890@GMAIL.COM,9000000889,Ahmedabad
991,Customer_891,CUST891@GMAIL.COM,9000000890,Kolkata
992,Customer_892,CUST892@GMAIL.COM,9000000891,Bangalore
993,Customer_893,CUST893@GMAIL.COM,9000000892,Pune
994,Customer_894,CUST894@GMAIL.COM,9000000893,Coimbatore
995,Customer_895,CUST895@GMAIL.COM,9000000894,Kolkata
996,Customer_896,CUST896@GMAIL.COM,9000000895,Kolkata
997,Customer_897,CUST897@GMAIL.COM,9000000896,Mysore
998,Customer_898,CUST898@GMAIL.COM,9000000897,Kochi
999,Customer_899,CUST899@GMAIL.COM,9000000898,Lucknow
1000,Customer_900,CUST900@GMAIL.COM,9000000899,Bhopal
1001,Customer_901,CUST901@GMAIL.COM,9000000900,Bangalore
1002,Customer_902,CUST902@GMAIL.COM,9000000901,Coimbatore
1003,Customer_903,CUST903@GMAIL.COM,9000000902,Mysore
1004,Customer_904,CUST904@GMAIL.COM,9000000903,Kochi
1005,Customer_905,CUST905@GMAIL.COM,9000000904,Lucknow
1006,Customer_906,CUST906@GMAIL.COM,9000000905,Kolkata
1007,Customer_907,CUST907@GMAIL.COM,9000000906,Ahmedabad
1008,Customer_908,CUST908@GMAIL.COM,9000000907,Bangalore
1009,Customer_909,CUST909@GMAIL.COM,9000000908,Chennai
1010,Customer_910,CUST910@GMAIL.COM,9000000909,Hyderabad
1011,Customer_911,CUST911@GMAIL.COM,9000000910,Kochi
1012,Customer_912,CUST912@GMAIL.COM,9000000911,Kolkata
1013,Customer_913,CUST913@GMAIL.COM,9000000912,Coimbatore
1014,Customer_914,CUST914@GMAIL.COM,9000000913,Mysore
1015,Customer_915,CUST915@GMAIL.COM,9000000914,Coimbatore
1016,Customer_916,CUST916@GMAIL.COM,9000000915,Kolkata
1017,Customer_917,CUST917@GMAIL.COM,9000000916,Jaipur
1018,Customer_918,CUST918@GMAIL.COM,9000000917,Bhopal
1019,Customer_919,CUST919@GMAIL.COM,9000000918,Bhopal
1020,Customer_920,CUST920@GMAIL.COM,9000000919,Jaipur
1021,Customer_921,CUST921@GMAIL.COM,9000000920,Kochi
1022,Customer_922,CUST922@GMAIL.COM,9000000921,Lucknow
1023,Customer_923,CUST923@GMAIL.COM,9000000922,Mysore
1024,Customer_924,CUST924@GMAIL.COM,9000000923,Pune
1025,Customer_925,CUST925@GMAIL.COM,9000000924,Ahmedabad
1026,Customer_926,CUST926@GMAIL.COM,9000000925,Pune
1027,Customer_927,CUST927@GMAIL.COM,9000000926,Hyderabad
1028,Customer_928,CUST928@GMAIL.COM,9000000927,Kolkata
1029,Customer_929,CUST929@GMAIL.COM,9000000928,Ahmedabad
1030,Customer_930,CUST930@GMAIL.COM,9000000929,Bangalore
1031,Customer_931,CUST931@GMAIL.COM,9000000930,Kolkata
1032,Customer_932,CUST932@GMAIL.COM,9000000931,Chennai
1033,Customer_933,CUST933@GMAIL.COM,9000000932,Indore
1034,Customer_934,CUST934@GMAIL.COM,9000000933,Indore
1035,Customer_935,CUST935@GMAIL.COM,9000000934,Kochi
1036,Customer_936,CUST936@GMAIL.COM,9000000935,Kolkata
1037,Customer_937,CUST937@GMAIL.COM,9000000936,Bhopal
1038,Customer_938,CUST938@GMAIL.COM,9000000937,Delhi
1039,Customer_939,CUST939@GMAIL.COM,9000000938,Coimbatore
1040,Customer_940,CUST940@GMAIL.COM,9000000939,Ahmedabad
1041,Customer_941,CUST941@GMAIL.COM,9000000940,Mysore
1042,Customer_942,CUST942@GMAIL.COM,9000000941,Delhi
1043,Customer_943,CUST943@GMAIL.COM,9000000942,Lucknow
1044,Customer_944,CUST944@GMAIL.COM,9000000943,Jaipur
1045,Customer_945,CUST945@GMAIL.COM,9000000944,Bangalore
1046,Customer_946,CUST946@GMAIL.COM,9000000945,Mysore
1047,Customer_947,CUST947@GMAIL.COM,9000000946,Kolkata
1048,Customer_948,CUST948@GMAIL.COM,9000000947,Lucknow
1049,Customer_949,CUST949@GMAIL.COM,9000000948,Lucknow
1050,Customer_950,CUST950@GMAIL.COM,9000000949,Indore
1051,Customer_951,CUST951@GMAIL.COM,9000000950,Bangalore
1052,Customer_952,CUST952@GMAIL.COM,9000000951,Mumbai
1053,Customer_953,CUST953@GMAIL.COM,9000000952,Indore
1054,Customer_954,CUST954@GMAIL.COM,9000000953,Kolkata
1055,Customer_955,CUST955@GMAIL.COM,9000000954,Delhi
1056,Customer_956,CUST956@GMAIL.COM,9000000955,Coimbatore
1057,Customer_957,CUST957@GMAIL.COM,9000000956,Ahmedabad
1058,Customer_958,CUST958@GMAIL.COM,9000000957,Delhi
1059,Customer_959,CUST959@GMAIL.COM,9000000958,Bangalore
1060,Customer_960,CUST960@GMAIL.COM,9000000959,Hyderabad
1061,Customer_961,CUST961@GMAIL.COM,9000000960,Kolkata
1062,Customer_962,CUST962@GMAIL.COM,9000000961,Chennai
1063,Customer_963,CUST963@GMAIL.COM,9000000962,Pune
1064,Customer_964,CUST964@GMAIL.COM,9000000963,Ahmedabad
1065,Customer_965,CUST965@GMAIL.COM,9000000964,Chennai
1066,Customer_966,CUST966@GMAIL.COM,9000000965,Chennai
1067,Customer_967,CUST967@GMAIL.COM,9000000966,Kochi
1068,Customer_968,CUST968@GMAIL.COM,9000000967,Mysore
1069,Customer_969,CUST969@GMAIL.COM,9000000968,Kolkata
1070,Customer_970,CUST970@GMAIL.COM,9000000969,Hyderabad
1071,Customer_971,CUST971@GMAIL.COM,9000000970,Kochi
1072,Customer_972,CUST972@GMAIL.COM,9000000971,Coimbatore
1073,Customer_973,CUST973@GMAIL.COM,9000000972,Kolkata
1074,Customer_974,CUST974@GMAIL.COM,9000000973,Hyderabad
1075,Customer_975,CUST975@GMAIL.COM,9000000974,Coimbatore
1076,Customer_976,CUST976@GMAIL.COM,9000000975,Mumbai
1077,Customer_977,CUST977@GMAIL.COM,9000000976,Ahmedabad
1078,Customer_978,CUST978@GMAIL.COM,9000000977,Bangalore
1079,Customer_979,CUST979@GMAIL.COM,9000000978,Bhopal
1080,Customer_980,CUST980@GMAIL.COM,9000000979,Jaipur
1081,Customer_981,CUST981@GMAIL.COM,9000000980,Bangalore
1082,Customer_982,CUST982@GMAIL.COM,9000000981,Chennai
1083,Customer_983,CUST983@GMAIL.COM,9000000982,Pune
1084,Customer_984,CUST984@GMAIL.COM,9000000983,Indore
1085,Customer_985,CUST985@GMAIL.COM,9000000984,Mumbai
1086,Customer_986,CUST986@GMAIL.COM,9000000985,Kochi
1087,Customer_987,CUST987@GMAIL.COM,9000000986,Indore
1088,Customer_988,CUST988@GMAIL.COM,9000000987,Bangalore
1089,Customer_989,CUST989@GMAIL.COM,9000000988,Kochi
1090,Customer_990,CUST990@GMAIL.COM,9000000989,Bangalore
1091,Customer_991,CUST991@GMAIL.COM,9000000990,Pune
1092,Customer_992,CUST992@GMAIL.COM,9000000991,Pune
1093,Customer_993,CUST993@GMAIL.COM,9000000992,Coimbatore
1094,Customer_994,CUST994@GMAIL.COM,9000000993,Bangalore
1095,Customer_995,CUST995@GMAIL.COM,9000000994,Lucknow
1096,Customer_996,CUST996@GMAIL.COM,9000000995,Delhi
1097,Customer_997,CUST997@GMAIL.COM,9000000996,Pune
1098,Customer_998,CUST998@GMAIL.COM,9000000997,Delhi
1099,Customer_999,CUST999@GMAIL.COM,9000000998,Ahmedabad
1100,Customer_1000,CUST1000@GMAIL.COM,9000000999,Indore
